Workbook

Sheet README
B1: BanyanOS Master Library — v0.3 DRAFT
B2: Integrates Sean's v0.2 feedback + resolves manufacturer verifies
B4: What changed in v0.3 | C4: Three surgical changes to the Manufacturers tab: (1) Technoglas removed — confirmed typo for Tecnoglass. (2) Belstone updated — confirmed as Belstone Products (shower enclosures). (3) Clover added — new Panels/Metalwork manufacturer. Requests & Gaps tab updated — all previously-open verification and governance items now CLOSED. Only deferred or follow-on items remain.
B6: Registry is ready to ratify | C6: This version resolves every open data question raised during v0.1-v0.2 red-pen. The Master Library is now in a ratifiable state. GC-D041 + GC-D042 paired governance decision is the next artifact — delivered in the same session as this v0.3.
B8: Tab guide (v0.3)
B9: 1. README | C9: This tab.
B10: 2. Change Log | C10: v0.1 → v0.2 → v0.3 changes.
B11: 3. Families | C11: 11 top-level categories. All ON.
B12: 4. System Types | C12: 79 enumerated scopes. All ON.
B13: 5. Manufacturers | C13: 65 entries (no net change from v0.2 — removed Technoglas typo, added Clover). All ON.
B14: 6. Work Types | C14: 10 fixed action verbs. Unchanged.
B15: 7. Active Catalog (Mock) | C15: Toggle UI mock.
B16: 8. Auto-Door Addendum | C16: ASSA ABLOY notes.
B17: 9. Requests & Gaps | C17: All previously-open items now CLOSED. Only deferred/follow-on items remain.
B19: What's next | C19: GC-D041 + GC-D042 paired governance decision (delivered same session). ChatGPT intake prompt for Jenny's interim bridge. AAADM Compliance Inspection Form template specification. Door Inspection Form template specification. Alpha form builds deferred to later session per Sean's direction.
B21: Version / Date | C21: v0.3 DRAFT — April 23, 2026
B22: Prepared by | C22: XO (Claude) — integrating Sean's v0.2 feedback

Sheet Change Log
A1: Version | B1: Date | C1: Summary of Changes
A2: v0.3 | B2: 2026-04-23 | C2: Sean's v0.2 feedback integrated. (1) Technoglas removed — confirmed as Sean's spelling variant of Tecnoglass (MFG-200). No separate entry needed. (2) Belstone UPDATED — confirmed by Sean as Belstone Products, shower enclosure supplier (belstoneproducts.com). Moved to Shower trade role. (3) Clover ADDED — new manufacturer for Panels / Metalwork per Sean's v0.2 list. (4) Requests & Gaps tab reduced — manufacturer/system-type verify items resolved. Only governance-mechanism items remain (and those are now resolved via paired GC-D041 + GC-D042 governance draft in this same turn). Net manufacturer count: 65 (unchanged — removed Technoglas, added Clover).
A3: v0.2 | B3: 2026-04-23 | C3: Sean's v0.1 markup integrated. All OFF → ON across Families, System Types, Manufacturers. New system type: Resin / Decorative Panels (ST-110). 17 new manufacturers added. Besam Unislide and Besam Frame Solutions removed from Auto-Door Addendum. Change Log and Requests & Gaps tabs added.
A4: v0.1 | B4: 2026-04-22 | C4: Initial draft. 11 Families, 78 System Types, 47 Manufacturers, 10 Work Types. Seeded from Glaziers Union Master Labor Agreement, ServiceIntake.tsx array, Master Spec §13.14 canonical 15, and CSI MasterFormat Division 08.

Sheet Families
A1: Family ID | B1: Family Name | C1: Gold Data Rollup | D1: Kula Active | E1: Description
A2: FAM-01 | B2: Storefront & Window Wall | C2: Yes | D2: ON | E2: Aluminum framing systems with glass infill, typically ground-level. Gold Data rolls up here.
A3: FAM-02 | B3: Curtainwall | C3: Yes | D3: ON | E3: Engineered aluminum facades, stick-built or unitized. Often includes structural silicone glazing variants.
A4: FAM-03 | B4: Doors & Entrances | C4: Yes | D4: ON | E4: Manual and automatic entrance doors. Distinct from Storefront because of hardware/operator focus.
A5: FAM-04 | B5: Glass-Only Scopes | C5: Yes | D5: ON | E5: Glass replacement, re-glazing, and specialty glass work that doesn't involve framing system install.
A6: FAM-05 | B6: Shower & Tub Enclosures | C6: Yes | D6: ON | E6: Heavy glass, semi-framed, and framed bath enclosures.
A7: FAM-06 | B7: Railings & Guards | C7: Yes | D7: ON | E7: Glass handrails, guardrails, balusters, and glass-infill metal rail systems.
A8: FAM-07 | B8: Skylights & Sloped Glazing | C8: Yes | D8: ON | E8: Overhead and sloped glazing systems. Includes operable skylights.
A9: FAM-08 | B9: Interior Partitions | C9: Yes | D9: ON | E9: Interior glass walls — demountable, folding/operable, fixed glass partitions.
A10: FAM-09 | B10: Panels & Metalwork | C10: Yes | D10: ON | E10: Non-glass panels and architectural metals within glazier scope.
A11: FAM-10 | B11: Service & Repair | C11: No | D11: ON | E11: Diagnostic, adjustment, board-up, sealant, non-install service. Rolled up for billing, not Gold Data.
A12: FAM-11 | B12: Specialty & Novel | C12: No | D12: ON | E12: Emerging technologies and one-off scopes.

Sheet System Types
A1: System ID | B1: System Type Name | C1: Family | D1: Family Name (lookup) | E1: Kula Active | F1: Common Aliases | G1: Notes
A2: ST-001 | B2: Storefront — Exterior | C2: FAM-01 | D2: =VLOOKUP(C2,Families!$A:$B,2,FALSE()) -> Storefront & Window Wall | E2: ON | F2: SF, storefront, entry system | G2: Standard exterior storefront framing.
A3: ST-002 | B3: Storefront — Interior | C3: FAM-01 | D3: =VLOOKUP(C3,Families!$A:$B,2,FALSE()) -> Storefront & Window Wall | E3: ON | F3: Interior SF, interior storefront | G3: Interior storefront framing, often office fronts.
A4: ST-003 | B4: Storefront Door (in SF system) | C4: FAM-01 | D4: =VLOOKUP(C4,Families!$A:$B,2,FALSE()) -> Storefront & Window Wall | E4: ON | F4: SF door, SFD, storefront door | G4: Door hung within a storefront frame. Nate's original blocker.
A5: ST-004 | B5: All-Glass Entrance / Herculite | C5: FAM-01 | D5: =VLOOKUP(C5,Families!$A:$B,2,FALSE()) -> Storefront & Window Wall | E5: ON | F5: herculite, all-glass door, patch fitting door | G5: Frameless tempered glass entrance with patch fittings.
A6: ST-005 | B6: Window Wall | C6: FAM-01 | D6: =VLOOKUP(C6,Families!$A:$B,2,FALSE()) -> Storefront & Window Wall | E6: ON | F6: WW, slab-to-slab | G6: Slab-to-slab non-structural glazing.
A7: ST-006 | B7: Punched Window | C7: FAM-01 | D7: =VLOOKUP(C7,Families!$A:$B,2,FALSE()) -> Storefront & Window Wall | E7: ON | F7: punched opening, window in opening | G7: Individual window set in masonry or framed opening.
A8: ST-007 | B8: Ribbon Window | C8: FAM-01 | D8: =VLOOKUP(C8,Families!$A:$B,2,FALSE()) -> Storefront & Window Wall | E8: ON | F8: horizontal ribbon, strip window | G8: Horizontal continuous window run.
A9: ST-008 | B9: Block Frame Window | C9: FAM-01 | D9: =VLOOKUP(C9,Families!$A:$B,2,FALSE()) -> Storefront & Window Wall | E9: ON | F9: block frame, nail fin | G9: Residential/light commercial window with block frame.
A10: ST-009 | B10: Operable Vent (in SF/CW) | C10: FAM-01 | D10: =VLOOKUP(C10,Families!$A:$B,2,FALSE()) -> Storefront & Window Wall | E10: ON | F10: AWO, projected vent, casement | G10: Operable vent integrated into storefront or curtainwall.
A11: ST-010 | B11: Curtainwall — Stick-Built | C11: FAM-02 | D11: =VLOOKUP(C11,Families!$A:$B,2,FALSE()) -> Curtainwall | E11: ON | F11: CW, stick CW | G11: Site-assembled curtainwall.
A12: ST-011 | B12: Curtainwall — Unitized | C12: FAM-02 | D12: =VLOOKUP(C12,Families!$A:$B,2,FALSE()) -> Curtainwall | E12: ON | F12: unitized CW, UCW, factory unit | G12: Shop-fabricated CW units.
A13: ST-012 | B13: Curtainwall — Structural Silicone (SSG) | C13: FAM-02 | D13: =VLOOKUP(C13,Families!$A:$B,2,FALSE()) -> Curtainwall | E13: ON | F13: SSG, 4-sided SSG, 2-sided SSG | G13: CW with structural silicone glass retention.
... A80: ST-145 | B80: Bird-Friendly Frit / Marker Glass | C80: FAM-11 | D80: =VLOOKUP(C80,Families!$A:$B,2,FALSE()) -> Specialty & Novel | E80: ON | F80: bird glass, frit pattern, bird safe | G80: Bird-strike mitigation glass.

Sheet Manufacturers
A1: Mfg ID | B1: Manufacturer | C1: Primary Trade Role | D1: Kula Active | E1: Notes
A2: MFG-001 | B2: YKK AP | C2: Storefront / CW / Window | D2: ON | E2: Primary curtainwall and storefront supplier.
A3: MFG-002 | B3: Kawneer | C3: Storefront / CW / Window | D3: ON | E3: Major aluminum framing supplier.
A4: MFG-003 | B4: EFCO (Apogee) | C4: Storefront / CW / Window | D4: ON | E4: Aluminum fenestration. Part of Apogee group.
A5: MFG-004 | B5: Oldcastle BuildingEnvelope (OBE) | C5: Storefront / CW / Window | D5: ON | E5: Reliance, Ace-Pro lines. Now branded OBE.
A6: MFG-005 | B6: Tubelite (Apogee) | C6: Storefront / Window | D6: ON | E6: Aluminum framing. Part of Apogee group.
A7: MFG-006 | B7: Arcadia | C7: Storefront / Window | D7: ON | E7: Aluminum framing.
A8: MFG-007 | B8: Vistawall (Apogee) | C8: CW / Storefront | D8: ON | E8: Part of Apogee group.
A9: MFG-008 | B9: United States Aluminum (US Alum) | C9: Storefront / Window | D9: ON | E9: CRL-owned commercial framing.
A10: MFG-009 | B10: Wausau Window & Wall (Apogee) | C10: Window / CW | D10: ON | E10: High-performance. Part of Apogee group.
A11: MFG-020 | B11: Vitro (formerly PPG) | C11: Glass | D11: ON | E11: Solarban coated glass.
A12: MFG-021 | B12: Guardian Glass | C12: Glass | D12: ON | E12: SunGuard coated glass.
... A66: MFG-235 | B66: Clover | C66: Panels / Metalwork | D66: ON | E66: v0.3 NEW: Panel and metalwork supplier, added per Sean's v0.2 feedback. Used by Kula for architectural panel and metalwork scope.

Sheet Work Types
A1: Work Type ID | B1: Work Type | C1: Status | D1: Description
A2: WRK-01 | B2: Install | C2: LOCKED | D2: New installation of a system or assembly.
A3: WRK-02 | B3: Replace | C3: LOCKED | D3: Remove existing and install new in its place.
A4: WRK-03 | B4: Repair | C4: LOCKED | D4: Fix damaged/malfunctioning component without full replacement.
A5: WRK-04 | B5: Adjust | C5: LOCKED | D5: Tune-up or re-align without replacing parts.
A6: WRK-05 | B6: Inspect | C6: LOCKED | D6: Diagnostic inspection (includes AAADM annual safety inspection).
A7: WRK-06 | B7: Certify | C7: LOCKED | D7: Formal certification with paperwork (AAADM cert, warranty cert, test report).
A8: WRK-07 | B8: Board-Up | C8: LOCKED | D8: Emergency temporary closure of broken opening.
A9: WRK-08 | B9: Assess / Quote | C9: LOCKED | D9: Site visit for assessment and quoting; no work performed.
A10: WRK-09 | B10: Punch / Warranty | C10: LOCKED | D10: Punch list item or warranty callback return.
A11: WRK-10 | B11: Demo / Remove | C11: LOCKED | D11: Demolition or removal of existing work without replacement.

Sheet Active Catalog (Mock)
A1: Active Catalog for Kula Glass — Mock View (v0.3)
A2: Per GC-D041, catalog_admin role (Estimators, Supers, Managers, Executive) can toggle items on/off.
A3: System ID | B3: System Type | C3: Family | D3: Toggle State | E3: Shows in Dropdowns? | F3: Who toggles?
A4: ST-001 | B4: Storefront — Exterior | C4: Storefront & Window Wall | D4: ● ON | E4: Yes | F4: catalog_admin
A5: ST-002 | B5: Storefront — Interior | C5: Storefront & Window Wall | D5: ● ON | E5: Yes | F5: catalog_admin
A6: ST-003 | B6: Storefront Door (in SF system) | C6: Storefront & Window Wall | D6: ● ON | E6: Yes | F6: catalog_admin
A7: ST-004 | B7: All-Glass Entrance / Herculite | C7: Storefront & Window Wall | D7: ● ON | E7: Yes | F7: catalog_admin
A8: ST-005 | B8: Window Wall | C8: Storefront & Window Wall | D8: ● ON | E8: Yes | F8: catalog_admin
A9: ST-006 | B9: Punched Window | C9: Storefront & Window Wall | D9: ● ON | E9: Yes | F9: catalog_admin
A10: ST-007 | B10: Ribbon Window | C10: Storefront & Window Wall | D10: ● ON | E10: Yes | F10: catalog_admin
A11: ST-008 | B11: Block Frame Window | C11: Storefront & Window Wall | D11: ● ON | E11: Yes | F11: catalog_admin
A12: ST-009 | B12: Operable Vent (in SF/CW) | C12: Storefront & Window Wall | D12: ● ON | E12: Yes | F12: catalog_admin
A13: ST-010 | B13: Curtainwall — Stick-Built | C13: Curtainwall | D13: ● ON | E13: Yes | F13: catalog_admin
A14: ST-011 | B14: Curtainwall — Unitized | C14: Curtainwall | D14: ● ON | E14: Yes | F14: catalog_admin
... A82: ST-145 | B82: Bird-Friendly Frit / Marker Glass | C82: Specialty & Novel | D82: ● ON | E82: Yes | F82: catalog_admin
A84: Summary | B84: =COUNTIF(D4:D82,"● ON")&" ON / "&COUNTIF(D4:D82,"● OFF")&" OFF / "&COUNTA(D4:D82)&" total" -> 79 ON / 0 OFF / 79 total

Sheet Auto-Door Addendum
B1: ASSA ABLOY Auto-Door Scope — Notes for Validation
B3: Context | C3: Kula Glass is an ASSA ABLOY Entrance Systems dealer and AAADM-certified for annual auto-door safety inspections. Sean flagged that ASSA ABLOY's catalog is poorly documented and nobody at Kula has formal training. This tab is seeded from public ASSA ABLOY product info. v0.3 unchanged from v0.2. Interim mitigation path: ChatGPT bridge (see GC-D041/D042 §9) + web-scraping Kai data.
B5: Operator Families | C5: ASSA ABLOY publishes these main operator product lines:
B6: SW100 | C6: Low-energy swing operator (ADA power assist). Surface-mounted.
B7: SW200 | C7: Full-energy swing operator. Surface-mounted. Workhorse.
B8: SW200i | C8: In-ground swing operator. Hidden in floor.
B9: SW300 | C9: High-traffic / heavy-duty swing operator.
B10: SL500 / SL500T | C10: Sliding operator (standard / telescopic). Bi-parting or single-slide.
B12: Services
B13: Install | C13: New install of operator + door package.
B14: Replace | C14: Swap failed operator.
B15: Repair | C15: Diagnose and fix operator/sensor fault.
B16: Adjust | C16: Tune sweep speed, latch check, backcheck, hold-open timing.
B17: AAADM Annual Inspection | C17: Required by ANSI 156.10/156.19/156.38. Kula is AAADM-certified. Recurring revenue. Now captured as ST-034 + WRK-05.
B19: How this maps to the registry | C19: Operator families do NOT become System Types. They become free-form Product Tags on templates and WOs. System Types stay at category level. Work Types provide Install/Repair/Inspect axis.
B21: Data source | C21: Public ASSA ABLOY Entrance Systems product pages + AAADM certification program documentation. Last pulled: April 22, 2026.

Sheet Requests & Gaps
A1: Type | B1: Item | C1: Status | D1: Notes & Context
A2: Resolved | B2: Technoglas vs Tecnoglass | C2: CLOSED | D2: v0.3: Confirmed by Sean as typo — same company as Tecnoglass (MFG-200). Separate 'Technoglas' entry (was MFG-232 in v0.2) removed from Manufacturers tab.
A3: Resolved | B3: Belstone | C3: CLOSED | D3: v0.3: Confirmed by Sean as Belstone Products, shower enclosure supplier. Entry MFG-234 updated with correct classification and URL reference.
A4: Resolved | B4: Clover | C4: CLOSED | D4: v0.3: Added as MFG-235 per Sean's v0.2 note — Panels / Metalwork manufacturer.
A5: Resolved | B5: Mechanism to add manufacturers | C5: CLOSED | D5: Resolved via GC-D041 + GC-D042 paired governance decision. Catalog admin role (Estimators, Supers, Managers, Executive) can toggle Active Catalog. Developer seeds Master Library; admins enable/disable per-tenant.
A6: Resolved | B6: Mechanism to add system types | C6: CLOSED | D6: Resolved via GC-D041 same as above. System Types follow identical toggle pattern.
A7: Data | B7: ASSA ABLOY catalog validation | C7: BLOCKED | D7: Auto-Door Addendum seeded from public product info. Nobody at Kula has formal ASSA ABLOY training including primary rep. Sean working this in separate thread. Interim mitigation: ChatGPT bridge (see GC-D041/D042 §9) + web-scraping Kai data per Sean's direction.
A8: Data | B8: Union-scope items to revisit | C8: INFO | D8: Glaziers Union Master Labor Agreement lists items worth later review: wire glass, acrylic substitutes, art glass, shop-level mirror fabrication, glass cleaning/beveling/silvering/sandblasting. Not currently in Master Library — deserve review if Kula does shop-level glass processing.
A9: Architecture | B9: Product Lines as separate tier | C9: DEFERRED | D9: Product Lines (SW200, YCW 750, Solarban 70XL, etc.) are catalog data, not taxonomy. Deferred to future Product Catalog module, which will reference Manufacturer from this registry.
A10: Flag | B10: Crew certification tracking (AAADM) | C10: FOLLOW-ON | D10: Sean identified AAADM cert holders: Jenny, Sean, Kyle, Tyson, Fran Lynch (Fran's crew status to be verified). Addressed in GC-D041/D042 §11 as cross-cutting concern. Landing as GC-D043 — Crew Certifications, after GC-D041/D042 ship.
